{
  "definition": {
    "$schema": "https://schema.management.azure.com/providers/Microsoft.Logic/schemas/2016-06-01/workflowdefinition.json#",
    "actions": {},
    "contentVersion": "1.0.0.0",
    "outputs": {},
    "triggers": {
      "HTTP": {
        "inputs": {
          "method": "GET",
          "uri": "https://status.azure.com/en-us/status/"
        },
        "recurrence": {
          "frequency": "Day",
          "interval": 1
        },
        "type": "Http"
      }
    }
  },
  "kind": "Stateful"
}
